                  epoch,         train/box_loss,         train/cls_loss,         train/dfl_loss,   metrics/precision(B),      metrics/recall(B),       metrics/mAP50(B),    metrics/mAP50-95(B),           val/box_loss,           val/cls_loss,           val/dfl_loss,                 lr/pg0,                 lr/pg1,                 lr/pg2
                      1,                 2.2654,                  5.362,                 1.7334,                0.00373,                  0.008,                0.00256,                0.00106,                 1.9138,                 4.7727,                 1.5606,             4.9557e-05,             4.9557e-05,             4.9557e-05
                      2,                 1.8535,                 5.1182,                 1.4293,                0.00555,                0.06947,                0.00456,                 0.0023,                 1.5636,                 4.5571,                 1.3275,             9.8694e-05,             9.8694e-05,             9.8694e-05
                      3,                 1.6121,                 4.8895,                 1.3005,                0.01051,                0.23021,                0.01015,                0.00648,                 1.3742,                   4.21,                 1.2091,              0.0001473,              0.0001473,              0.0001473
                      4,                 1.5204,                 4.6821,                 1.2493,                0.01191,                0.28144,                0.01416,                0.00931,                 1.2634,                 4.0667,                 1.1849,             0.00014662,             0.00014662,             0.00014662
                      5,                 1.4579,                  4.511,                 1.2039,                 0.0118,                0.30523,                0.01598,                0.01075,                 1.2274,                 3.9921,                 1.1554,             0.00014582,             0.00014582,             0.00014582
                      6,                 1.4211,                 4.3031,                  1.192,                0.27854,                0.08865,                0.02046,                0.01407,                 1.1701,                 3.8142,                 1.1284,             0.00014503,             0.00014503,             0.00014503
                      7,                 1.3582,                 4.2807,                  1.175,                 0.2453,                0.08968,                0.02502,                0.01799,                 1.1488,                  3.915,                 1.1245,             0.00014423,             0.00014423,             0.00014423
                      8,                 1.3237,                  4.187,                 1.1503,                0.29619,                0.10859,                0.03416,                0.02415,                 1.1322,                 3.5684,                 1.1066,             0.00014344,             0.00014344,             0.00014344
                      9,                 1.2745,                 4.0049,                 1.1502,                0.25814,                0.10924,                0.04223,                0.03046,                 1.0988,                 3.4392,                 1.1097,             0.00014264,             0.00014264,             0.00014264
                     10,                 1.2763,                 3.9728,                 1.1335,                0.30504,                0.11233,                0.05292,                0.03752,                 1.0903,                  3.317,                 1.1066,             0.00014185,             0.00014185,             0.00014185
                     11,                 1.2624,                 3.7947,                 1.1411,                0.31526,                0.12412,                0.06365,                0.04605,                 1.0446,                 3.1936,                 1.0711,             0.00014105,             0.00014105,             0.00014105
                     12,                 1.2684,                 3.7091,                 1.1514,                0.30518,                0.14537,                0.07367,                0.05411,                 1.0399,                  3.184,                 1.0822,             0.00014026,             0.00014026,             0.00014026
                     13,                 1.2288,                 3.6789,                  1.117,                0.18439,                0.16493,                 0.0814,                0.05955,                 1.0389,                 3.4037,                 1.0785,             0.00013946,             0.00013946,             0.00013946
                     14,                 1.2607,                 3.5682,                 1.1413,                0.28477,                0.18353,                0.09286,                0.06819,                 1.0261,                 3.1986,                 1.0818,             0.00013867,             0.00013867,             0.00013867
                     15,                 1.2147,                 3.4318,                 1.1322,                0.26453,                 0.1846,                0.10461,                0.07653,                 1.0255,                 3.0856,                 1.0746,             0.00013787,             0.00013787,             0.00013787
                     16,                 1.2114,                 3.3633,                 1.1297,                  0.287,                0.20281,                0.12554,                 0.0926,                 1.0006,                 2.8099,                 1.0765,             0.00013708,             0.00013708,             0.00013708
                     17,                 1.1873,                 3.3388,                 1.1164,                0.30755,                0.22417,                0.14545,                0.10732,                0.99682,                 2.6973,                 1.0763,             0.00013629,             0.00013629,             0.00013629
                     18,                 1.1732,                 3.2989,                 1.1217,                0.32612,                0.23578,                0.15733,                0.11789,                0.97756,                 2.7051,                 1.0758,             0.00013549,             0.00013549,             0.00013549
                     19,                 1.1684,                 3.1958,                 1.1198,                0.35942,                0.27374,                0.17411,                0.12894,                0.98577,                 2.5505,                 1.0609,              0.0001347,              0.0001347,              0.0001347
                     20,                 1.1644,                 3.0873,                 1.1344,                0.31139,                0.29288,                0.16722,                0.12478,                0.96528,                 2.8621,                 1.0494,              0.0001339,              0.0001339,              0.0001339
                     21,                 1.1701,                 3.1331,                 1.1133,                0.34074,                0.29133,                 0.1964,                0.14737,                0.95409,                 2.5114,                 1.0611,             0.00013311,             0.00013311,             0.00013311
                     22,                 1.1408,                 2.9796,                 1.1148,                0.35548,                0.30211,                0.20292,                0.15258,                0.95777,                 2.6954,                 1.0589,             0.00013231,             0.00013231,             0.00013231
                     23,                 1.1259,                 2.8646,                 1.1054,                0.44997,                0.32479,                0.24171,                0.18249,                0.93684,                 2.2936,                 1.0614,             0.00013152,             0.00013152,             0.00013152
                     24,                 1.1452,                 2.9562,                 1.1151,                0.38823,                0.33491,                0.22367,                0.16791,                0.94723,                  2.637,                 1.0687,             0.00013072,             0.00013072,             0.00013072
                     25,                 1.1159,                 2.8983,                 1.1011,                0.33738,                0.35069,                0.21555,                0.16212,                0.93852,                 3.0118,                 1.0536,             0.00012993,             0.00012993,             0.00012993
                     26,                  1.105,                 2.9402,                 1.0961,                0.35497,                0.34811,                0.25036,                0.18739,                 0.9365,                 2.4791,                 1.0605,             0.00012913,             0.00012913,             0.00012913
                     27,                 1.1256,                 2.7981,                 1.1158,                0.41271,                0.35854,                0.28273,                0.21376,                0.91495,                 2.1716,                 1.0427,             0.00012834,             0.00012834,             0.00012834
                     28,                 1.1059,                 2.7182,                 1.0961,                0.40888,                0.37022,                0.28254,                0.21472,                0.92997,                 2.2622,                 1.0627,             0.00012754,             0.00012754,             0.00012754
                     29,                 1.1024,                  2.813,                  1.089,                0.42549,                0.36582,                0.30222,                0.22819,                0.93586,                 2.1938,                 1.0525,             0.00012675,             0.00012675,             0.00012675
                     30,                 1.0903,                 2.6484,                 1.1011,                 0.3568,                0.39453,                0.27414,                 0.2066,                0.92273,                 2.3024,                 1.0484,             0.00012595,             0.00012595,             0.00012595
                     31,                 1.0805,                 2.6029,                 1.0815,                0.40565,                0.41172,                0.30836,                0.23323,                0.91124,                 2.1835,                 1.0421,             0.00012516,             0.00012516,             0.00012516
                     32,                 1.0724,                 2.6042,                 1.0955,                0.45582,                0.39625,                0.32806,                0.24955,                0.91007,                 2.0357,                 1.0433,             0.00012437,             0.00012437,             0.00012437
                     33,                 1.0893,                 2.6168,                 1.0929,                0.45657,                0.42869,                0.35274,                0.26903,                0.90328,                 1.9478,                 1.0393,             0.00012357,             0.00012357,             0.00012357
                     34,                 1.0942,                 2.5784,                 1.0868,                0.43968,                0.44476,                0.35022,                0.26572,                0.90994,                 2.0501,                 1.0501,             0.00012278,             0.00012278,             0.00012278
                     35,                 1.0798,                 2.5324,                 1.0935,                 0.4325,                0.45339,                0.35153,                0.27013,                0.88382,                 2.1625,                  1.033,             0.00012198,             0.00012198,             0.00012198
                     36,                 1.0539,                 2.5338,                 1.0842,                 0.4047,                0.46041,                0.36262,                0.27871,                0.88508,                 2.2254,                 1.0349,             0.00012119,             0.00012119,             0.00012119
                     37,                 1.0588,                 2.3961,                   1.09,                0.43402,                0.48807,                0.39061,                0.30121,                0.87634,                 1.9018,                 1.0396,             0.00012039,             0.00012039,             0.00012039
                     38,                 1.0674,                 2.4589,                  1.093,                0.44824,                 0.4652,                0.38886,                0.29802,                0.88894,                 2.0708,                 1.0423,              0.0001196,              0.0001196,              0.0001196
                     39,                 1.0633,                 2.4279,                 1.0865,                0.40179,                0.48902,                0.38375,                0.29617,                0.87508,                 2.0448,                  1.037,              0.0001188,              0.0001188,              0.0001188
                     40,                 1.0531,                 2.4276,                 1.0682,                0.43992,                0.50042,                0.37727,                0.28928,                0.88085,                 2.0762,                  1.029,             0.00011801,             0.00011801,             0.00011801
                     41,                  1.044,                 2.4642,                   1.07,                0.45018,                0.49809,                0.39517,                  0.305,                0.87081,                 1.9107,                 1.0275,             0.00011721,             0.00011721,             0.00011721
                     42,                 1.0442,                 2.3881,                 1.0747,                0.42056,                0.52606,                0.40206,                0.31224,                0.86422,                  1.958,                   1.03,             0.00011642,             0.00011642,             0.00011642
                     43,                 1.0221,                 2.3419,                 1.0681,                0.41916,                0.53072,                0.40717,                0.31323,                0.87785,                 2.0168,                 1.0345,             0.00011562,             0.00011562,             0.00011562
                     44,                 1.0525,                 2.3511,                  1.079,                0.41699,                0.52735,                0.40095,                0.30679,                0.88772,                 2.0218,                 1.0316,             0.00011483,             0.00011483,             0.00011483
                     45,                 1.0441,                  2.258,                 1.0823,                0.41833,                0.55263,                0.42028,                0.32546,                0.85996,                 1.9532,                  1.026,             0.00011403,             0.00011403,             0.00011403
                     46,                 1.0054,                 2.2988,                 1.0578,                0.46199,                0.53813,                 0.4309,                0.33241,                0.86398,                 1.9196,                 1.0232,             0.00011324,             0.00011324,             0.00011324
                     47,                 1.0259,                 2.3085,                 1.0725,                0.46618,                0.54692,                0.44291,                0.34141,                0.87385,                  1.909,                 1.0263,             0.00011245,             0.00011245,             0.00011245
                     48,                 1.0481,                 2.3164,                  1.075,                0.44955,                0.54907,                0.43704,                0.33755,                0.86127,                 2.0586,                 1.0238,             0.00011165,             0.00011165,             0.00011165
                     49,                 1.0173,                 2.1965,                 1.0601,                0.41962,                0.58202,                0.43092,                0.33239,                0.86547,                 2.4018,                  1.026,             0.00011086,             0.00011086,             0.00011086
                     50,                 1.0585,                 2.2324,                 1.0852,                 0.4262,                0.56568,                0.43816,                0.34063,                 0.8546,                 2.4046,                 1.0238,             0.00011006,             0.00011006,             0.00011006
                     51,                 1.0266,                 2.2167,                 1.0599,                0.45268,                0.57735,                0.46512,                0.36283,                0.83747,                 2.0183,                   1.02,             0.00010927,             0.00010927,             0.00010927
                     52,                 0.9977,                 2.1678,                 1.0624,                0.47479,                0.58073,                0.47365,                0.36857,                0.84451,                 1.7185,                 1.0242,             0.00010847,             0.00010847,             0.00010847
                     53,                0.98596,                 2.2835,                 1.0434,                0.45511,                0.59398,                 0.4712,                0.36561,                0.84317,                 2.0027,                 1.0201,             0.00010768,             0.00010768,             0.00010768
                     54,                 1.0277,                 2.1626,                  1.073,                0.47409,                0.59451,                0.49068,                0.38282,                0.84877,                 1.7075,                 1.0302,             0.00010688,             0.00010688,             0.00010688
                     55,                 1.0262,                  2.139,                 1.0692,                0.48064,                0.60861,                0.49587,                0.38498,                0.84087,                 1.6554,                 1.0245,             0.00010609,             0.00010609,             0.00010609
                     56,                0.98901,                 2.0629,                  1.069,                0.46018,                0.59377,                0.48493,                0.37641,                0.84213,                 1.7725,                 1.0224,             0.00010529,             0.00010529,             0.00010529
                     57,                0.99394,                 2.1283,                  1.061,                0.46613,                0.61702,                 0.4926,                0.38468,                0.83151,                 1.8167,                 1.0223,              0.0001045,              0.0001045,              0.0001045
                     58,                0.97566,                 2.0695,                 1.0405,                0.48172,                0.61534,                0.50979,                0.39912,                0.82888,                 1.7108,                  1.021,              0.0001037,              0.0001037,              0.0001037
                     59,                0.99664,                 2.0725,                 1.0577,                0.45239,                0.62177,                0.50289,                0.39367,                0.83176,                 1.9033,                 1.0213,             0.00010291,             0.00010291,             0.00010291
                     60,                 0.9935,                 2.0252,                 1.0589,                0.45091,                0.62527,                0.49679,                0.38842,                0.83156,                 1.8905,                 1.0131,             0.00010211,             0.00010211,             0.00010211
                     61,                 1.0003,                 2.0629,                 1.0604,                0.48811,                0.63441,                0.51597,                 0.4003,                0.85042,                 1.7689,                 1.0251,             0.00010132,             0.00010132,             0.00010132
                     62,                0.97645,                 2.0319,                 1.0451,                0.47609,                0.62409,                0.51239,                0.40121,                0.82181,                 1.5861,                 1.0076,             0.00010053,             0.00010053,             0.00010053
                     63,                0.98226,                 1.9885,                 1.0572,                 0.4739,                0.62929,                0.52547,                0.40856,                  0.839,                 1.5449,                 1.0192,             9.9731e-05,             9.9731e-05,             9.9731e-05
                     64,                0.97651,                  2.019,                 1.0339,                 0.4645,                0.65084,                0.52458,                0.41261,                0.81717,                 1.5881,                 1.0097,             9.8936e-05,             9.8936e-05,             9.8936e-05
                     65,                0.99248,                 2.0636,                 1.0425,                 0.4658,                0.61831,                0.51081,                0.39961,                0.81691,                 1.6608,                 1.0059,             9.8141e-05,             9.8141e-05,             9.8141e-05
                     66,                0.99858,                      2,                 1.0519,                0.46536,                0.65629,                0.52621,                0.41393,                 0.8072,                  1.693,                 1.0067,             9.7347e-05,             9.7347e-05,             9.7347e-05
                     67,                0.96397,                 1.9198,                 1.0355,                0.47567,                0.64057,                0.52233,                0.41176,                0.80887,                 1.6716,                 1.0014,             9.6552e-05,             9.6552e-05,             9.6552e-05
                     68,                0.98254,                 2.0184,                 1.0369,                 0.4879,                0.65211,                0.54296,                0.42676,                 0.8064,                 1.5058,                 1.0065,             9.5757e-05,             9.5757e-05,             9.5757e-05
                     69,                0.98194,                   1.99,                 1.0433,                0.49374,                 0.6288,                 0.5461,                0.42932,                0.81052,                 1.5653,                 1.0048,             9.4963e-05,             9.4963e-05,             9.4963e-05
                     70,                0.96097,                 1.9623,                 1.0243,                0.46636,                0.66908,                0.55157,                  0.433,                0.80497,                 1.5987,                 1.0033,             9.4168e-05,             9.4168e-05,             9.4168e-05
                     71,                0.96308,                 2.0334,                 1.0453,                0.47641,                 0.6533,                0.55006,                0.43223,                0.81069,                 1.4784,                 1.0091,             9.3373e-05,             9.3373e-05,             9.3373e-05
                     72,                 0.9775,                 1.9732,                 1.0474,                 0.4538,                0.68383,                0.54741,                0.42988,                0.81014,                 1.5691,                 1.0045,             9.2579e-05,             9.2579e-05,             9.2579e-05
                     73,                0.97249,                 1.9656,                 1.0468,                0.48141,                0.67888,                0.56807,                0.44566,                0.80302,                 1.4264,                0.99952,             9.1784e-05,             9.1784e-05,             9.1784e-05
                     74,                0.97921,                  1.939,                  1.056,                0.50483,                0.67454,                0.56792,                0.44515,                  0.814,                 1.4197,                 1.0117,             9.0989e-05,             9.0989e-05,             9.0989e-05
                     75,                0.97161,                 1.9034,                 1.0493,                0.46349,                0.67137,                0.54308,                0.42807,                0.80866,                 1.5858,                 1.0032,             9.0195e-05,             9.0195e-05,             9.0195e-05
                     76,                0.94994,                 1.9006,                 1.0358,                0.46309,                0.71672,                0.56581,                0.44654,                0.80731,                 1.4122,                 1.0055,               8.94e-05,               8.94e-05,               8.94e-05
                     77,                0.96683,                 1.9164,                 1.0537,                0.45323,                0.71276,                 0.5626,                0.44537,                0.79066,                 1.4863,                 0.9959,             8.8605e-05,             8.8605e-05,             8.8605e-05
                     78,                0.96717,                 1.8813,                 1.0357,                0.48121,                0.68076,                0.54801,                 0.4327,                0.79595,                 1.5915,                0.99987,             8.7811e-05,             8.7811e-05,             8.7811e-05
                     79,                0.94458,                 1.9095,                 1.0207,                0.47186,                0.69693,                0.55321,                0.43686,                0.79575,                 1.5631,                 1.0027,             8.7016e-05,             8.7016e-05,             8.7016e-05
                     80,                0.95684,                 1.9065,                 1.0336,                0.47446,                0.70508,                0.57288,                0.45434,                0.79034,                 1.4069,                  0.999,             8.6221e-05,             8.6221e-05,             8.6221e-05
                     81,                0.95862,                 1.8732,                 1.0353,                0.48128,                0.69875,                0.55768,                0.44096,                0.79519,                  1.516,                0.99958,             8.5427e-05,             8.5427e-05,             8.5427e-05
                     82,                0.95861,                 1.8464,                 1.0298,                0.48068,                0.70495,                0.55535,                0.43567,                0.80508,                 1.6592,                 1.0009,             8.4632e-05,             8.4632e-05,             8.4632e-05
                     83,                0.95627,                 1.8756,                 1.0298,                0.46617,                0.71205,                0.55738,                0.43892,                0.79114,                 1.7016,                0.99322,             8.3837e-05,             8.3837e-05,             8.3837e-05
                     84,                0.93934,                 1.8808,                 1.0303,                0.46421,                 0.7086,                0.54762,                0.43338,                0.78533,                 1.9039,                0.98833,             8.3043e-05,             8.3043e-05,             8.3043e-05
                     85,                0.92737,                 1.8364,                 1.0168,                0.49023,                0.69107,                0.55521,                0.43675,                0.79305,                 1.7654,                0.99161,             8.2248e-05,             8.2248e-05,             8.2248e-05
                     86,                0.94484,                 1.8588,                 1.0395,                0.50031,                0.70149,                0.56944,                0.45068,                0.78469,                 1.4934,                0.99159,             8.1453e-05,             8.1453e-05,             8.1453e-05
                     87,                0.97369,                 1.8723,                 1.0367,                0.46413,                0.71759,                0.56192,                0.44412,                0.78966,                 1.6962,                0.99214,             8.0659e-05,             8.0659e-05,             8.0659e-05
                     88,                0.94717,                 1.8204,                 1.0335,                0.48484,                0.71957,                 0.5676,                0.44983,                0.77947,                 1.6075,                0.98722,             7.9864e-05,             7.9864e-05,             7.9864e-05
                     89,                0.93345,                 1.8933,                 1.0218,                 0.5081,                0.71992,                0.57523,                 0.4558,                 0.7807,                 1.4549,                0.99078,             7.9069e-05,             7.9069e-05,             7.9069e-05
                     90,                0.95043,                 1.7962,                 1.0295,                 0.5085,                0.71742,                0.57815,                0.45654,                0.77931,                 1.5215,                0.98862,             7.8275e-05,             7.8275e-05,             7.8275e-05
                     91,                0.93906,                 1.8128,                 1.0219,                0.47352,                0.74691,                0.56774,                0.44857,                0.78227,                 1.7169,                0.98949,              7.748e-05,              7.748e-05,              7.748e-05
                     92,                0.92002,                 1.7891,                 1.0307,                0.50337,                0.73549,                0.57915,                0.45903,                0.77686,                   1.45,                0.99019,             7.6685e-05,             7.6685e-05,             7.6685e-05
                     93,                0.93809,                 1.8487,                 1.0361,                0.49444,                0.73447,                 0.5854,                0.46489,                0.77168,                 1.3916,                0.98696,             7.5891e-05,             7.5891e-05,             7.5891e-05
                     94,                 0.9311,                 1.8333,                 1.0172,                0.46897,                0.74064,                0.57232,                0.45432,                0.77533,                 1.5113,                0.98442,             7.5096e-05,             7.5096e-05,             7.5096e-05
                     95,                0.92071,                 1.8113,                 1.0131,                0.50551,                0.72962,                0.59468,                0.47359,                0.76947,                 1.3958,                0.98352,             7.4301e-05,             7.4301e-05,             7.4301e-05
                     96,                0.92079,                 1.7853,                 1.0157,                 0.4922,                0.73189,                0.58733,                0.46619,                0.77552,                 1.5115,                 0.9842,             7.3507e-05,             7.3507e-05,             7.3507e-05
                     97,                0.93695,                 1.7969,                 1.0249,                0.49886,                0.73959,                0.59038,                0.46809,                0.77192,                 1.6069,                0.98431,             7.2712e-05,             7.2712e-05,             7.2712e-05
                     98,                0.90094,                 1.7276,                 1.0215,                0.49252,                0.75366,                0.58828,                0.46683,                0.77134,                 1.7371,                0.98178,             7.1917e-05,             7.1917e-05,             7.1917e-05
                     99,                0.91727,                 1.7626,                 1.0109,                0.49192,                0.75834,                0.58709,                0.46574,                0.77768,                 1.8078,                0.98616,             7.1123e-05,             7.1123e-05,             7.1123e-05
                    100,                0.95381,                 1.7653,                 1.0279,                0.47477,                0.75796,                0.57491,                0.45571,                0.77025,                 1.8422,                0.98032,             7.0328e-05,             7.0328e-05,             7.0328e-05
                    101,                0.92254,                 1.7668,                 1.0244,                0.50579,                0.74194,                0.58563,                0.46778,                 0.7657,                 1.6582,                0.98207,             6.9533e-05,             6.9533e-05,             6.9533e-05
                    102,                0.91993,                 1.7045,                 1.0203,                0.50158,                 0.7355,                0.58422,                0.46238,                0.77067,                 1.7448,                 0.9865,             6.8739e-05,             6.8739e-05,             6.8739e-05
                    103,                0.92932,                    1.8,                 1.0401,                0.49417,                0.74726,                0.59968,                0.47806,                0.76196,                 1.4701,                0.97933,             6.7944e-05,             6.7944e-05,             6.7944e-05
                    104,                0.92419,                 1.7325,                 1.0209,                0.48227,                0.75311,                0.59351,                 0.4737,                0.75731,                 1.5858,                0.97863,             6.7149e-05,             6.7149e-05,             6.7149e-05
                    105,                0.92552,                 1.7475,                 1.0211,                0.52608,                0.72119,                0.59139,                0.46905,                0.76501,                 1.6401,                0.98093,             6.6355e-05,             6.6355e-05,             6.6355e-05
                    106,                0.92872,                 1.7376,                 1.0133,                0.49023,                0.76219,                0.59594,                0.47397,                0.77033,                 1.5583,                0.98439,              6.556e-05,              6.556e-05,              6.556e-05
                    107,                0.93515,                 1.7596,                 1.0057,                0.53834,                0.73891,                0.60085,                0.47643,                0.76583,                 1.4622,                0.98421,             6.4765e-05,             6.4765e-05,             6.4765e-05
                    108,                0.92945,                 1.7392,                 1.0295,                0.49149,                0.76852,                 0.5977,                0.47788,                0.76252,                 1.4839,                0.97858,             6.3971e-05,             6.3971e-05,             6.3971e-05
                    109,                0.92093,                 1.7442,                  1.021,                0.51952,                 0.7402,                0.60189,                0.48086,                0.75979,                 1.3645,                0.97911,             6.3176e-05,             6.3176e-05,             6.3176e-05
                    110,                 0.9316,                 1.7733,                 1.0228,                0.48015,                0.78244,                0.58962,                0.47116,                0.76186,                  1.526,                0.98166,             6.2381e-05,             6.2381e-05,             6.2381e-05
                    111,                0.92418,                 1.7111,                 1.0297,                0.49241,                0.77899,                0.59546,                0.47547,                0.76438,                 1.4927,                0.98218,             6.1587e-05,             6.1587e-05,             6.1587e-05
                    112,                0.90627,                 1.7535,                  1.006,                0.53355,                0.74151,                0.60719,                0.48376,                0.76261,                 1.3016,                 0.9809,             6.0792e-05,             6.0792e-05,             6.0792e-05
                    113,                0.92043,                 1.7601,                 1.0206,                0.48864,                0.75711,                0.60425,                0.48284,                0.75558,                 1.3092,                0.97756,             5.9997e-05,             5.9997e-05,             5.9997e-05
                    114,                0.90954,                 1.8153,                0.99833,                0.48505,                0.74616,                 0.5986,                0.47863,                 0.7575,                 1.3326,                0.97608,             5.9203e-05,             5.9203e-05,             5.9203e-05
                    115,                0.89667,                 1.6922,                 1.0061,                0.48394,                0.75268,                 0.5949,                 0.4748,                0.75668,                 1.3856,                0.97713,             5.8408e-05,             5.8408e-05,             5.8408e-05
                    116,                0.91326,                 1.7572,                 1.0061,                0.49322,                0.74719,                0.60077,                 0.4806,                0.75083,                 1.4094,                0.97495,             5.7613e-05,             5.7613e-05,             5.7613e-05
                    117,                0.92109,                 1.7397,                 1.0202,                0.48958,                0.74933,                0.59995,                  0.481,                0.74627,                 1.3247,                0.97068,             5.6819e-05,             5.6819e-05,             5.6819e-05
                    118,                0.89333,                 1.6172,                 1.0216,                0.49573,                0.74988,                0.59442,                0.47693,                0.75046,                 1.4274,                0.97263,             5.6024e-05,             5.6024e-05,             5.6024e-05
                    119,                0.88067,                 1.7008,                 1.0116,                0.49012,                0.74394,                0.59645,                0.47748,                0.75068,                  1.574,                0.97441,             5.5229e-05,             5.5229e-05,             5.5229e-05
                    120,                0.90273,                 1.6751,                 1.0097,                0.48341,                 0.7785,                0.59861,                0.47834,                0.75008,                 1.5237,                0.97453,             5.4435e-05,             5.4435e-05,             5.4435e-05
                    121,                0.92498,                  1.719,                 1.0136,                0.49949,                0.76715,                0.59731,                0.47641,                0.75107,                 1.6021,                0.97349,              5.364e-05,              5.364e-05,              5.364e-05
                    122,                0.90811,                 1.6316,                 1.0064,                0.49394,                  0.739,                0.59795,                0.47937,                0.74417,                 1.6377,                 0.9727,             5.2845e-05,             5.2845e-05,             5.2845e-05
                    123,                0.92688,                 1.7219,                  1.014,                0.50653,                 0.7478,                0.60371,                0.48249,                0.74264,                 1.6512,                0.96941,             5.2051e-05,             5.2051e-05,             5.2051e-05
                    124,                0.90001,                 1.6215,                 1.0128,                0.50199,                  0.743,                0.60227,                0.48366,                0.74428,                 1.8624,                0.97389,             5.1256e-05,             5.1256e-05,             5.1256e-05
                    125,                0.89895,                 1.6474,                0.99764,                0.52238,                0.74071,                0.60735,                0.48574,                0.74438,                 1.5752,                0.97385,             5.0461e-05,             5.0461e-05,             5.0461e-05
                    126,                 0.9053,                 1.6115,                 1.0145,                0.48166,                0.79519,                0.59792,                0.47888,                0.74266,                 1.6542,                0.96738,             4.9667e-05,             4.9667e-05,             4.9667e-05
                    127,                 0.8988,                 1.6943,                 1.0052,                 0.5101,                0.76297,                0.59971,                0.47997,                0.75422,                 1.7028,                0.97478,             4.8872e-05,             4.8872e-05,             4.8872e-05
                    128,                0.87908,                 1.6434,                0.98901,                0.49064,                0.77815,                0.61026,                0.48995,                0.74266,                 1.3789,                0.97166,             4.8077e-05,             4.8077e-05,             4.8077e-05
                    129,                0.86646,                 1.6925,                 0.9892,                0.49271,                0.78111,                0.61131,                0.49061,                0.74282,                 1.3809,                0.96922,             4.7283e-05,             4.7283e-05,             4.7283e-05
                    130,                0.90173,                 1.6439,                 1.0081,                0.47006,                0.79814,                0.60628,                0.48741,                0.73642,                 1.3687,                0.96693,             4.6488e-05,             4.6488e-05,             4.6488e-05
                    131,                0.90753,                 1.6518,                 1.0126,                0.49291,                0.78157,                0.60372,                 0.4852,                0.74069,                 1.5267,                0.96888,             4.5693e-05,             4.5693e-05,             4.5693e-05
                    132,                0.89555,                 1.6153,                0.99995,                0.48307,                  0.806,                0.61298,                0.49296,                0.74167,                 1.3843,                0.97026,             4.4899e-05,             4.4899e-05,             4.4899e-05
                    133,                0.88769,                 1.6097,                0.99322,                0.46635,                 0.7943,                0.60286,                0.48296,                0.74368,                 1.4937,                0.96812,             4.4104e-05,             4.4104e-05,             4.4104e-05
                    134,                0.88826,                 1.6391,                 1.0047,                0.47114,                0.78822,                0.59897,                0.48212,                0.74407,                 1.4922,                0.97209,             4.3309e-05,             4.3309e-05,             4.3309e-05
                    135,                0.90562,                 1.6342,                 1.0093,                0.49628,                0.76003,                0.59957,                0.48088,                0.73981,                 1.5626,                0.96525,             4.2515e-05,             4.2515e-05,             4.2515e-05
                    136,                0.89263,                 1.6438,                 1.0026,                0.50222,                0.76545,                0.61017,                 0.4917,                0.73673,                 1.5105,                0.96727,              4.172e-05,              4.172e-05,              4.172e-05
                    137,                0.89453,                  1.604,                 1.0036,                0.49627,                0.77353,                0.59581,                0.47846,                0.73852,                 1.8155,                0.96597,             4.0925e-05,             4.0925e-05,             4.0925e-05
                    138,                0.88218,                 1.6327,                  0.994,                0.52294,                0.75503,                0.60038,                0.48395,                0.73168,                 1.7837,                0.96378,             4.0131e-05,             4.0131e-05,             4.0131e-05
                    139,                0.89991,                 1.6915,                  1.009,                0.52587,                0.74923,                0.60218,                0.48271,                  0.742,                 1.8117,                0.96594,             3.9336e-05,             3.9336e-05,             3.9336e-05
                    140,                0.87694,                 1.6339,                0.99699,                0.51928,                0.77761,                0.60874,                0.48991,                0.73416,                 1.6685,                0.96713,             3.8541e-05,             3.8541e-05,             3.8541e-05
                    141,                0.83955,                 1.4833,                 1.0022,                0.49474,                0.75527,                 0.5936,                 0.4728,                0.75255,                 2.0835,                0.97463,             3.7747e-05,             3.7747e-05,             3.7747e-05
                    142,                0.83079,                 1.4815,                 1.0039,                0.51066,                0.75603,                0.59521,                0.47072,                0.76084,                 2.1476,                 0.9782,             3.6952e-05,             3.6952e-05,             3.6952e-05
                    143,                 0.8097,                 1.4362,                0.99398,                0.47973,                 0.7991,                0.59834,                0.47786,                0.75224,                 1.8477,                0.97612,             3.6157e-05,             3.6157e-05,             3.6157e-05
                    144,                 0.8116,                 1.4091,                0.99217,                0.49072,                0.77573,                0.59642,                0.47428,                 0.7582,                 1.8959,                0.97758,             3.5363e-05,             3.5363e-05,             3.5363e-05
                    145,                0.81271,                 1.4103,                 0.9955,                0.49462,                0.77616,                0.59795,                0.47741,                 0.7575,                 1.9358,                 0.9779,             3.4568e-05,             3.4568e-05,             3.4568e-05
                    146,                0.79705,                 1.3861,                0.98788,                0.48338,                0.79158,                0.59828,                0.47836,                0.74719,                 2.0203,                0.97377,             3.3773e-05,             3.3773e-05,             3.3773e-05
                    147,                0.80773,                 1.4121,                0.99348,                0.47343,                0.79662,                 0.5959,                0.47697,                0.74854,                 1.9997,                0.97495,             3.2979e-05,             3.2979e-05,             3.2979e-05
                    148,                0.81112,                 1.3902,                 1.0025,                0.49011,                0.78003,                0.59722,                0.47692,                0.75096,                 1.9895,                0.97633,             3.2184e-05,             3.2184e-05,             3.2184e-05
                    149,                0.79096,                 1.3577,                0.98497,                0.50089,                0.78712,                0.60824,                 0.4873,                0.74358,                 1.6436,                0.97086,             3.1389e-05,             3.1389e-05,             3.1389e-05
                    150,                 0.7941,                 1.3752,                0.98248,                0.48772,                0.77629,                0.61022,                0.48838,                0.74152,                 1.7625,                0.96763,             3.0595e-05,             3.0595e-05,             3.0595e-05
